{"cameraMode":{"drawMode":0,"name":"Shaded","section":"Shading Mode"},"sceneLighting":false,"audioPlay":false,"sceneViewState":{"m_AlwaysRefresh":false,"showFog":true,"showSkybox":false,"showFlares":true,"showImageEffects":true,"showParticleSystems":true,"showVisualEffectGraphs":true,"m_FxEnabled":true},"in2DMode":false,"pivot":{"x":-0.41532444953918459,"y":-0.7210588455200195,"z":-1.4253768920898438},"rotation":{"x":0.0031704965513199569,"y":-0.7096408605575562,"z":0.0031934797298163177,"w":0.7045473456382752},"size":0.8660253882408142,"orthographic":true}