{"cameraMode":{"drawMode":0,"name":"Shaded","section":"Shading Mode"},"sceneLighting":false,"audioPlay":false,"sceneViewState":{"m_AlwaysRefresh":false,"showFog":true,"showSkybox":false,"showFlares":true,"showImageEffects":true,"showParticleSystems":true,"showVisualEffectGraphs":true,"m_FxEnabled":true},"in2DMode":false,"pivot":{"x":0.5744398832321167,"y":0.31687164306640627,"z":0.2928323745727539},"rotation":{"x":0.02849571779370308,"y":0.0059976703487336639,"z":-0.00017093289352487773,"w":0.9995790123939514},"size":1.9900383949279786,"orthographic":true}