{"cameraMode":{"drawMode":0,"name":"Shaded","section":"Shading Mode"},"sceneLighting":true,"audioPlay":false,"sceneViewState":{"m_AlwaysRefresh":false,"showFog":true,"showSkybox":true,"showFlares":true,"showImageEffects":true,"showParticleSystems":true,"showVisualEffectGraphs":true,"m_FxEnabled":true},"in2DMode":false,"pivot":{"x":-2.229001760482788,"y":0.503865122795105,"z":-2.429351329803467},"rotation":{"x":0.014992764219641686,"y":0.029992341995239259,"z":-0.00044994126074016094,"w":0.9994431734085083},"size":8.984031677246094,"orthographic":true}