{"cameraMode":{"drawMode":0,"name":"Shaded","section":"Shading Mode"},"sceneLighting":false,"audioPlay":false,"sceneViewState":{"m_AlwaysRefresh":false,"showFog":true,"showSkybox":false,"showFlares":true,"showImageEffects":true,"showParticleSystems":true,"showVisualEffectGraphs":true,"m_FxEnabled":true},"in2DMode":false,"pivot":{"x":8.15474796295166,"y":0.6336727142333984,"z":1.1920928955078126e-7},"rotation":{"x":0.02849571779370308,"y":0.0059976703487336639,"z":-0.00017093289352487773,"w":0.9995790123939514},"size":0.9183751940727234,"orthographic":true}