{"cameraMode":{"drawMode":0,"name":"Shaded","section":"Shading Mode"},"sceneLighting":true,"audioPlay":false,"sceneViewState":{"m_AlwaysRefresh":false,"showFog":false,"showSkybox":false,"showFlares":false,"showImageEffects":true,"showParticleSystems":true,"showVisualEffectGraphs":true,"m_FxEnabled":true},"in2DMode":false,"pivot":{"x":-0.17808035016059876,"y":1.1740612983703614,"z":1.4693019390106202},"rotation":{"x":-0.03627951815724373,"y":0.03506603464484215,"z":-0.001273924601264298,"w":-0.9987236857414246},"size":1.1232019662857056,"orthographic":false}