{"cameraMode":{"drawMode":0,"name":"Shaded","section":"Shading Mode"},"sceneLighting":true,"audioPlay":false,"sceneViewState":{"m_AlwaysRefresh":false,"showFog":false,"showSkybox":false,"showFlares":false,"showImageEffects":true,"showParticleSystems":true,"showVisualEffectGraphs":true,"m_FxEnabled":true},"in2DMode":false,"pivot":{"x":-0.18098817765712739,"y":0.828497052192688,"z":1.4438915252685547},"rotation":{"x":-0.03627951815724373,"y":0.03506603464484215,"z":-0.001273924601264298,"w":-0.9987236857414246},"size":1.6234201192855836,"orthographic":false}